Parameter,Value
tau0,324.1762383436636
a,1.2891332430757898
h0,4500.0612844126035
tausat,369.9959143724931
