Parameter,Value
tau0,247.2573453116699
a,0.5000644746287618
h0,3598.79934514589
tausat,369.9959143650991
