"displacement,mm","force,kN","force,N"
0.0,0.0123148,12.3148
0.0180057,0.133656,133.656
0.03599,0.599326,599.326
0.0539531,1.0084600000000001,1008.46
0.071938,1.30037,1300.37
0.0899438,1.88145,1881.45
0.107949,2.17148,2171.48
0.125951,2.2558200000000004,2255.82
0.14387,2.41897,2418.97
0.161791,2.53227,2532.27
0.179768,2.87704,2877.04
0.19793,3.10931,3109.31
0.216092,3.09394,3093.94
0.234254,3.14247,3142.47
0.252403,3.25881,3258.81
0.270393,3.26561,3265.61
0.288382,3.3082100000000003,3308.21
0.306371,3.36068,3360.68
0.32436,3.3674,3367.4
0.342349,3.3863600000000003,3386.36
0.360117,3.4081799999999998,3408.18
0.377632,3.43858,3438.58
0.395148,3.4408800000000004,3440.88
0.412664,3.4476500000000003,3447.65
0.430307,3.47147,3471.47
0.448088,3.48446,3484.46
0.466091,3.4963,3496.3
0.484103,3.5132800000000004,3513.28
0.501892,3.52434,3524.34
0.519553,3.54223,3542.23
0.537134,3.54646,3546.46
0.554451,3.55977,3559.77
0.571771,3.5746599999999997,3574.66
0.589089,3.58608,3586.08
0.606407,3.5970100000000005,3597.01
0.623947,3.60588,3605.88
0.642345,3.6194800000000003,3619.48
0.660745,3.6285600000000002,3628.56
0.679146,3.63842,3638.42
0.697544,3.64945,3649.45
0.715945,3.65862,3658.62
0.734345,3.6702800000000004,3670.28
0.752267,3.67997,3679.97
0.769931,3.6889600000000002,3688.96
0.787532,3.6971,3697.1
0.80513,3.7072,3707.2
0.822731,3.71581,3715.81
0.840524,3.72456,3724.56
0.858952,3.73382,3733.82
0.877262,3.7433,3743.3
0.895549,3.75168,3751.68
0.913834,3.75974,3759.74
0.931705,3.7683000000000004,3768.3
0.949135,3.7771700000000004,3777.17
0.966507,3.78473,3784.73
0.98388,3.79286,3792.86
1.00125,3.8006,3800.6
1.01854,3.8083000000000005,3808.3
