Parameter,Value
c1,0.8654100298881531
c2,1750.0750732421875
c3,0.09935702383518219
c4,0.0
c5,934.6502685546875
c6,468.448974609375
c7,75.25798797607422
