Parameter,Value
tau0,325.2612437363139
a,1.299967312891512
h0,5999.894795589251
tausat,405.57838273402774
