Parameter,Value
tau0,328.0839862310128
a,1.299071207458161
h0,4196.239378730426
tausat,307.14220535660286
