Parameter,Value
tau0,201.0273568977682
a,0.500105771138163
h0,3000.1983208840556
tausat,380.615114768009
