Parameter,Value
tau0,319.9326488024043
a,1.2992423667478117
h0,4500.0612829306665
tausat,369.99591447128887
