Parameter,Value
tau0,409.51646960328543
a,1.3000326861839426
h0,5999.8523715016945
tausat,388.38795755634374
