Parameter,Value
tau0,287.23401751281017
a,0.5000065789291075
h0,3000.028955257522
tausat,328.92224305300215
